postal_code,walk_score,bike_score,transit_score
<<<<<<< Updated upstream
T3H 4C4,4,47,28
T3E 7R2,30,63,50
T3G 5T2,18,53,47
T3H 0K1,68,0,40
T2W 2W7,37,65,33
T3J 4S5,10,62,49
T3A 5E8,14,59,34
T2A 4H9,43,68,44
T2T 3E6,88,80,51
T2L 1T1,53,74,54
T3A 2C5,22,51,29
T2X 1H1,27,69,42
T3B 0W9,60,87,51
T3N 0K8,0,27,18
T3E 5R3,48,90,51
T2G 3X8,52,93,57
T2W 0A3,55,45,62
T3B 4B4,4,48,38
T3M 2M8,1,35,23
=======
T2Y 3G2,17,62,39
T2T 2A9,54,80,42
T3E 1Y6,59,93,61
T2S 0L1,72,97,58
T2T 2C5,75,82,51
T2S 2Z2,36,70,53
T3E 2H7,63,86,59
T3E 2M1,65,85,58
T3E 2K3,65,85,58
T3C 2Y8,37,84,49
T2W 2E7,30,63,34
T2V 0G7,63,81,57
T2N 0V4,38,83,50
T2E 3W5,79,82,60
T2N 0S6,49,90,53
T3C 0W3,91,98,68
T2T 1E2,67,94,52
T3B 4T7,25,63,51
T1Y 0A3,4,56,39
T2V 1Y4,54,88,54
T3A 0B4,40,87,57
T3E 6S3,51,56,44
T2V 0E6,51,84,54
T3P 0K3,0,30,0
T3J 2V9,48,72,58
T2Z 2R5,15,63,38
T2Y 3G3,28,62,39
T2R 1K6,91,97,69
T2G 1S7,86,10,80
T2R 0B5,93,94,79
T2N 3E1,92,99,78
T2E 7X9,24,54,34
T2G 5T7,87,94,76
T2G 0R5,91,92,79
T3M 3E4,8,55,34
T2J 7J1,37,78,55
T3A 2C5,22,51,29
T2N 3G1,91,99,71
T2T 1K1,51,76,51
T2S 0L2,72,98,58
T3B 0H1,56,81,42
T3G 3X2,15,56,40
T3M 0X7,13,71,39
T2R 0V6,93,94,78
T3G 5H1,24,50,56
T2P 0W3,82,90,79
T2V 0T8,49,88,60
T3K 4W8,59,73,45
T3K 0K8,68,71,56
T2R 0J6,90,96,76
T3C 0T1,90,97,73
T3C 0T8,87,90,61
T2T 1H4,51,76,51
T2N 3R7,53,90,54
T2S 2V2,72,97,58
T2V 0H3,73,82,59
T2N 2W4,34,82,50
T2T 6H2,91,83,54
T3G 3L5,54,65,42
T2G 2Z4,67,94,63
T2V 0Y1,48,56,51
T3B 3B1,48,76,60
T2T 0K8,85,81,52
T2T 3W7,84,88,61
T3E 2A2,61,93,58
T3G 5K7,26,40,54
T2E 0B3,65,82,76
T2E 0H7,81,85,68
T2S 2R2,64,78,54
T2R 0S2,94,96,73
T2S 3H3,46,76,42
T3K 2E5,31,65,51
T3M 1H1,26,67,36
T3R 0C1,39,61,41
T1Y 1Z2,38,74,49
T3H 4V8,38,77,36
T2W 1G1,59,57,60
T2A 2G1,40,51,53
T2Z 1G8,17,68,37
T2W 3L6,48,73,55
T2S 0E1,90,98,60
T2K 5X1,58,83,52
T2S 0C5,95,97,71
T2R 1R8,94,96,73
T3H 0H7,44,65,35
T3G 3R8,25,68,40
T2C 3L9,48,68,46
T2Y 1A9,59,72,60
T3N 0G3,11,44,34
T2T 4A2,56,81,42
T3C 0N8,72,88,64
T2E 2A4,65,83,51
T3C 3T9,50,79,56
T2H 3B3,67,77,58
T2Z 4S9,12,61,40
T2Z 3E7,17,67,36
T3G 5W5,13,58,36
T2E 3E7,74,75,72
T2W 0T4,37,58,44
T3A 5W8,23,61,39
T3J 0B2,25,69,50
T2R 0P1,91,96,74
T2N 4J3,37,85,56
T2E 5N3,19,64,37
T2X 4L3,12,45,40
T2X 4M9,12,45,40
T2S 1Z3,65,77,49
T2N 0L9,36,77,50
T2E 0K9,79,91,66
T2K 6K5,26,64,50
T2J 4L4,67,67,57
T2J 1X2,23,56,31
T2J 1X3,25,58,31
T3R 0W6,0,38,0
T3K 5A3,44,66,48
T3A 1A3,64,88,56
T3H 1H3,38,71,38
T3J 4S7,50,70,61
T2E 0B5,78,97,70
T2E 3W3,81,90,58
T3C 3X7,14,51,52
T3M 0L1,8,42,37
T2K 1P2,64,93,46
T2K 1Y8,27,76,53
T2J 4K6,28,61,33
T3G 5N1,39,69,30
T2A 1H1,68,62,55
T2X 4S6,N/A,N/A,N/A
T2X 0N2,33,64,32
T2V 0L1,25,78,37
T3A 2W1,27,52,44
T3A 5H4,25,60,39
T3A 5V7,16,52,38
T3J 1Z8,53,71,53
T3A 5C2,21,63,38
T2G 5K4,40,87,55
T3J 5M7,3,61,42
T3H 1R1,49,80,63
T3L 2M2,21,56,56
T2T 0L3,91,83,54
T2Z 0T4,37,66,41
T3M 1C3,13,63,36
T2Z 0E6,42,75,43
T2R 0R7,95,97,75
T3N 0Y5,0,27,18
T2G 0G3,91,92,79
T2V 2W3,57,62,62
T2W 3N6,38,75,35
T3C 1W5,64,86,56
T3L 2J9,19,61,57
T3R 0R6,9,36,31
T3A 2C9,61,91,47
T3H 3L9,27,64,57
T3N 0P5,0,27,18
T2E 5L3,58,90,40
T3C 3N7,89,94,65
T2Z 1A6,62,81,49
T2R 0H1,95,95,79
T2N 0R9,86,99,67
T3R 0V5,0,38,0
T3H 0E4,61,66,32
T2B 1W6,26,69,43
T3C 2H2,77,89,60
T2X 0S2,12,45,40
T3L 3B9,16,57,33
T3C 2R5,41,76,50
T2G 4L8,54,75,60
T2W 3W4,44,68,34
T3K 5Z3,76,77,51
T3G 5T2,18,53,47
T2R 0J7,91,97,74
T3H 3N1,35,62,44
T2S 3H6,46,76,41
T2E 1M9,82,84,57
T2Y 3W1,26,81,40
T2M 0V9,76,99,62
T2W 0X1,35,73,57
T3B 2V9,48,84,59
T2E 0J9,69,98,65
T2G 3E3,54,92,57
T2E 5H9,36,84,39
T3G 5C4,24,63,23
T2E 1T3,79,84,55
T2E 1X8,76,86,55
T2E 2C8,68,91,58
T3G 5K1,23,48,37
T2G 4L9,59,77,57
T2H 3A1,72,79,64
T2E 1Y8,71,86,53
T3M 2G3,31,66,41
T3K 1L1,31,67,47
T3K 3Y8,48,68,46
T2W 5K1,43,60,42
T2X 0X5,12,45,40
T2L 1Y3,52,81,65
T3A 2V9,59,91,44
T2S 3C7,55,91,60
T3P 0Z1,0,30,0
T3A 5X9,3,20,41
T3J 0V2,N/A,N/A,N/A
T3M 0N9,17,64,42
T3G 0C6,51,71,36
T3J 0N5,32,51,23
T3G 4S7,20,54,46
T3B 5P9,8,67,30
T3E 7L5,36,60,52
T3G 1Y1,32,62,41
T2E 2Y3,37,74,54
T2N 3C9,91,99,73
T3K 3L4,27,62,43
T3M 2X1,8,55,35
T3P 0R3,0,30,0
T3J 1A7,37,63,50
T3J 1G1,50,71,50
T3R 0N4,11,47,39
T2C 3Z8,32,70,39
T3B 5T5,16,61,27
T2T 2G3,63,81,47
T2G 1B7,40,87,55
T2E 4S1,46,79,54
T3K 1G7,38,62,55
T3N 1L8,0,26,18
T3L 2A3,40,73,29
T2N 4M1,55,98,64
T3M 2L6,30,73,40
T2G 1S2,26,57,39
T2R 1G9,91,95,69
T3R 0V2,19,45,39
T2Y 2C7,15,62,37
T2G 1T2,71,89,79
T2P 5M5,86,99,72
T3R 1P9,22,54,39
T3H 3N7,27,51,41
T2T 6N2,75,78,52
T3K 5K8,57,72,42
T2L 2L6,64,91,67
T3G 5G4,19,47,34
T3M 2L7,8,55,35
T3H 0K1,68,N/A,40
T3E 8A9,34,74,52
T2Z 1G7,15,68,38
T3M 0W2,31,54,38
T3G 5K6,27,41,54
T2K 0H1,44,81,54
T2Y 5B7,58,74,37
T2T 6S3,51,77,47
T2A 0W5,28,59,45
T2E 1Z8,72,86,54
T3E 7H4,62,71,52
T2W 3P8,37,74,35
T3C 0X5,91,97,68
T2M 2N9,47,80,53
T2Z 0C4,62,81,49
T2Z 3M2,39,71,46
T2X 4M6,12,45,40
T2Z 0X8,14,67,42
T3H 1C8,40,74,37
T3M 2C3,2,28,22
T2X 4C4,10,35,28
T2R 0L5,91,96,74
T2A 7X5,51,69,44
T2G 1S9,26,57,38
T2Y 0B6,6,31,27
T2Z 3Y2,48,76,45
T3K 4B5,15,52,41
T3L 0C2,9,67,35
T3H 5G7,48,89,44
T2M 4W2,79,85,54
T2Z 0E9,7,38,39
T2Y 3Y5,8,62,37
T2K 6J6,43,67,52
T2E 9C7,72,96,59
T3H 0G3,27,72,56
T3A 4Z8,25,53,34
T3J 3R1,13,55,35
T3P 0Y3,0,30,0
T3H 5J1,44,76,36
T2X 0J7,17,64,36
X0X 0X0,N/A,N/A,N/A
T3C 2Z1,40,81,57
T2W 0B4,37,61,52
T2P 3R8,84,93,79
T2P 1N4,83,88,81
T3N 0L1,0,26,18
T2A 0X4,36,80,58
T2P 0G9,93,96,77
T2R 0P4,90,96,75
T2R 0Z7,95,97,75
T2E 1A1,81,98,58
T2Y 2J6,26,66,44
T3H 0N3,15,34,37
T2X 3Z4,6,41,24
T2J 7E9,40,76,54
T2R 1S6,90,96,75
T2Z 4N1,57,78,49
T3G 5B3,30,43,48
T3K 5X5,35,68,53
T3E 3H4,58,74,49
T3K 0N4,27,60,48
T3H 3J1,41,56,39
T2J 3C8,22,57,33
T3G 1E9,24,60,47
T2X 2E7,12,45,40
T3P 0G3,0,33,0
T3B 5L4,4,41,25
T3A 5E5,19,67,34
T2Z 2P9,16,65,36
T3R 1J1,20,42,40
T3H 1Z8,39,75,36
T2B 2S7,21,74,41
T2H 0V8,41,59,53
T3B 3G6,21,70,41
T2K 0G6,42,81,55
T3K 2E9,24,64,47
T3A 3X2,27,55,38
T2E 1V6,79,85,55
T3G 3C3,44,62,41
T3P 1M6,N/A,N/A,N/A
T2Z 4Z5,13,44,44
T3K 3V2,21,56,42
T3K 1H2,42,64,55
T3K 6G9,12,42,38
T2J 3Y6,28,61,34
T3B 5L5,14,60,27
T3B 5R6,42,82,44
T3H 0G6,34,64,32
T3R 1K8,55,64,37
T2X 4K2,12,45,40
T3G 4G3,23,65,38
T3P 1K1,0,30,0
T2P 1J3,94,94,81
T3C 1X7,61,85,56
T2J 7G4,41,72,53
T2G 0C7,82,90,78
T2R 1S2,94,96,73
T3J 5C1,54,75,62
T2L 0G2,57,73,60
T3C 2L8,42,79,61
T3G 1R2,55,77,56
T2M 2S7,82,99,58
T2W 0Y1,37,59,49
T3C 1M8,62,90,60
T3M 0E9,37,68,41
T3A 5B3,25,58,41
T3N 0M9,8,48,34
T2T 6M1,57,69,52
T2Y 0H6,61,67,35
T3C 1X6,61,85,56
T2J 4K3,38,63,33
T2M 2X4,76,99,57
T2Z 1H5,33,67,43
T3A 6L7,14,43,42
T3G 5G6,25,47,56
T2J 4L7,30,65,32
T3K 1B8,26,60,50
T2J 6N2,51,63,33
T3P 1K2,0,30,0
T2E 8H3,36,78,44
T3K 0B8,27,28,41
T3H 5C1,30,72,38
T3J 1Z6,59,76,60
T2Z 3S3,51,75,48
T3L 3C2,6,55,28
T3P 0A7,26,55,35
T2Z 0H5,40,67,42
T3J 0C5,3,57,29
T2R 1A7,95,96,74
T2M 2S8,81,98,58
T3C 2L5,58,79,62
T2R 0Y9,93,95,78
T2P 5P6,93,95,80
T2A 1Y7,63,76,59
T2P 0V2,94,94,81
T3C 0Y1,93,96,65
T2A 1G8,76,94,59
T2S 3E7,79,98,59
T3K 1X1,14,35,37
T3H 4T7,36,76,59
T3C 0M9,87,99,65
T2A 1B3,66,63,54
T2M 1A8,71,99,61
T2N 4K1,77,10,65
T2W 4Z5,28,55,27
T3H 5C7,49,73,41
T2Y 3T5,23,37,33
T3N 1B6,9,41,34
T3G 4J5,30,70,36
T2Z 0P6,4,54,34
T2A 6R8,25,60,40
T3A 2X1,24,50,42
T3M 1P7,8,55,35
T3H 0W6,25,54,46
T2W 1H6,41,68,58
T1Y 6Z4,33,65,40
T3K 0Z2,53,69,54
T3K 4E9,27,69,38
T3M 3C1,8,55,35
T1Y 6V1,24,60,41
T2J 3X7,27,67,36
T3R 0J6,19,45,40
T3C 2W7,26,72,51
T2Z 2M9,32,69,45
T3L 2S7,12,58,34
T3C 1X1,65,85,56
T2P 3T9,87,96,78
T2R 0N3,95,96,74
T2J 3A8,69,85,56
T3R 0R2,0,38,0
T2P 0C3,93,95,80
T2M 2X5,72,99,57
T3C 2A4,56,81,57
T2M 1Y7,65,96,55
T3C 0T7,86,98,62
T3M 1K7,22,69,38
T2M 2Y9,68,98,57
T3J 0Z8,56,72,61
T2T 1M5,50,78,46
T2N 4H6,81,97,61
T3C 1X9,63,84,57
T2M 3K1,53,93,62
T2M 1V4,65,96,59
T2L 0K2,58,91,48
T2X 3N7,13,54,29
T2C 3W9,41,74,48
T3J 3S1,28,58,61
T3K 0H8,12,43,41
T2Z 1J3,2,47,27
T3M 0L3,31,54,38
T3B 4J5,30,72,35
T3J 1H8,40,68,44
T2C 4H2,41,65,43
T3K 4X3,59,93,44
T2Z 3B2,9,43,40
T3A 5P3,10,51,35
T3R 0G8,20,47,40
T3W 5W2,48,46,49
T2X 4J6,45,37,22
T2G 1E1,90,93,78
T3C 1H7,52,81,60
T3C 1L2,59,93,59
T1Y 1N5,41,68,34
T2T 1M7,49,76,49
T3C 0V1,82,91,62
T2N 3M3,70,96,62
T2M 1B3,79,99,58
T2T 2B7,63,81,47
T3C 1N6,67,91,58
T2W 4S8,51,57,36
T3C 0R5,80,88,65
T2Z 0N6,22,62,47
T2T 6G8,56,84,54
T3P 0L4,0,30,0
T3A 2M7,61,93,51
T2N 0G3,64,97,61
T3H 2J9,21,66,50
T3J 3S6,15,60,41
T2X 0W5,3,56,N/A
T3M 1M7,5,58,23
T3K 0K2,40,47,39
T2C 2C6,25,49,40
T2T 0Y1,67,83,51
T3A 2E7,53,91,65
T3H 5A6,10,52,24
T2X 0Y6,6,41,N/A
T3M 0L8,39,74,40
T3H 6C2,25,54,46
T2T 4S3,53,78,54
T2Z 3K8,34,52,46
T2M 4T5,61,86,59
T1Y 4K2,41,75,54
T2T 4M2,73,84,62
T2T 1S7,57,80,48
T2B 1C3,59,61,55
T2N 3G8,42,90,61
T2M 1H3,76,97,62
T2T 1M8,49,76,50
T2N 3H5,60,91,62
T3M 2S7,8,55,34
T3M 2L5,8,55,34
T2X 1E8,25,71,42
T3A 5V9,17,24,37
T2M 3M7,76,98,59
T3H 2W8,61,73,47
T3G 3X5,13,59,42
T3K 5G6,4,38,31
T2X 3S8,35,64,34
T3H 4X3,5,29,37
T3G 2G8,56,69,45
T1Y 5N5,47,70,44
T2G 0T9,44,74,58
T2G 1H7,82,90,78
T2T 2V2,36,80,45
T3E 3Z3,65,87,58
T3K 2B6,19,60,52
T1Y 6T5,28,64,38
T2Z 0M3,38,75,48
T3G 4M1,25,40,50
T3B 0B7,66,92,50
T2T 2T3,36,80,40
T3E 2Y9,71,90,58
T2Z 4T3,12,58,40
T3M 0N6,22,69,42
T3C 2T5,29,72,53
T2G 0J9,37,83,42
T2N 3K6,56,90,61
T2T 2T4,36,80,45
T3N 1H5,0,26,18
T2Z 5B2,1,44,30
T3M 0T8,26,66,38
T3G 3A2,27,23,38
T3N 1L5,0,26,18
T2K 5Y6,49,75,51
T2E 1W7,80,84,55
T2T 1J3,54,81,45
T3E 1W9,52,78,51
T3H 2L4,26,67,36
T2E 0H4,76,76,71
T3E 4N6,60,67,47
T2E 2J2,43,70,50
T3B 0P4,64,91,48
T2E 5A5,72,96,64
T2Z 3Z6,49,72,47
T2X 0B6,27,69,49
T3C 1N5,66,92,58
T2T 4J1,39,80,38
T2B 2N9,35,49,48
T2B 2V3,23,47,43
T3R 1V5,20,53,32
T2X 3C9,12,45,38
T2X 2C3,1,50,22
T3J 0W2,7,65,40
T2Y 2V6,36,61,53
T3H 3T8,14,54,52
T3H 4V2,5,48,29
T2V 5J8,42,71,33
T3E 3A6,70,87,58
T2E 1N8,81,84,56
T3B 4W1,21,81,46
T2Y 3S1,26,62,51
T2T 4M4,64,85,51
T2T 4G1,62,81,49
T2T 2C8,71,70,52
T2S 0E6,86,98,60
T3E 7Y9,51,60,49
T3A 2E3,62,91,43
T2E 4A3,73,94,65
T2Y 4J4,48,52,61
T2N 0R5,84,99,64
T3A 3Y2,31,82,33
T3E 2H4,63,92,61
T2S 1S3,84,98,N/A
T3E 2R3,69,92,61
T2R 0J5,90,96,76
T2N 4Y8,81,97,61
T2T 3E7,91,81,67
T2E 0K6,74,97,68
T3A 2V6,67,79,47
T2G 1L7,91,99,84
T2M 1H8,71,95,58
T2M 0S7,79,99,64
T2B 1A4,68,63,52
T2N 0B3,54,91,57
T3E 2H3,65,92,61
T3C 0P3,89,97,73
T3E 8A8,30,68,52
T2L 2A3,67,94,68
T2Z 4Z2,49,63,46
T3E 7T7,44,60,49
T3A 0L9,55,86,56
T2K 1A2,25,78,54
T2N 1Z7,91,10,72
T2P 4Z9,91,95,77
T2E 3S9,81,90,60
T2N 1R8,80,99,71
T3M 0A8,36,63,40
T3J 3K7,25,63,41
T3M 1R3,8,55,35
T3J 0G4,1,27,34
T2T 2S6,39,75,43
T3C 0X9,93,96,65
T3R 0W7,0,38,0
T2Y 5J7,50,74,35
T2T 6G9,75,82,51
T2R 0S1,94,96,73
T3G 4Z4,10,58,37
X1X 1X1,N/A,N/A,N/A
T2T 6X9,51,77,47
T2T 2P6,45,76,45
T2E 2S7,82,85,57
T2P 5E2,86,96,76
T2S 0C6,93,97,55
T2N 0J3,80,97,68
T2N 0J1,69,84,61
T3A 4M6,23,51,40
T2Z 3K6,34,52,44
T2T 3W8,83,84,52
T2B 0L4,22,77,42
T2R 1R5,96,97,72
T2S 3C9,54,86,58
T3P 0V8,0,26,0
T3A 4W5,29,64,33
T3R 0A3,32,61,40
T2E 0C4,75,94,62
T2T 2G6,68,84,49
T3B 5N4,26,42,41
T2E 0L2,76,87,61
T2M 0G8,78,99,58
T2X 2J1,6,47,22
T3A 2L8,62,91,45
T3J 0N4,32,51,23
T2R 0H8,94,96,73
T2E 0Y9,82,98,57
T2Z 4H2,32,56,45
T3B 6G3,0,33,23
T2S 3G3,75,98,59
T3A 2R2,33,67,45
T3K 0W8,51,66,39
T2X 0V5,12,45,40
T2Y 4T6,10,57,28
T3E 2C3,59,88,60
T3N 0P4,11,44,34
T3E 1K8,26,75,50
T2T 0M3,49,85,53
T3G 0C3,21,40,53
T2E 0Y8,82,97,57
T3H 0C8,34,60,33
T3M 2S1,8,55,34
T3A 1K1,62,83,65
T2B 2R8,21,47,43
T2T 0N9,49,85,53
T3P 0T4,0,30,0
T3E 1K3,27,75,50
T2N 1E4,36,84,62
T3M 2J2,8,55,35
T3K 2G5,12,46,35
T3R 0S3,0,38,0
T3M 1Z8,8,55,35
T3H 5X5,10,56,24
T3H 0E6,61,66,36
T3M 1W3,8,55,34
T3M 3E7,8,55,35
T2L 0Y2,44,87,56
T3M 1H4,15,64,36
T3K 0N2,33,62,49
T3B 5B6,22,79,50
T3J 4J4,51,78,64
T3H 1Y1,25,50,44
T2V 2G9,57,75,58
T3R 0W5,25,55,41
T3G 3W3,31,68,37
T2Z 0X3,18,64,32
T3M 1E7,21,66,36
T1Y3,N/A,N/A,N/A
T2E 4J1,73,99,59
O0O 0O0,0,4,N/A
T2S 2G5,86,98,60
T3R 0W4,25,55,41
T2Y 4J3,53,43,59
T3M 2E8,8,55,35
T2X 0W3,12,45,40
T2C 3Z9,32,70,39
T3H 5P7,15,49,39
T3E 6M7,64,77,47
T2Y 3E9,4,62,33
T2Y 5H9,7,63,33
T2A 5G4,50,55,54
T3G 4A4,16,61,41
T3A 4B9,25,58,40
T2M 4E4,62,95,63
T2T 5H5,34,77,58
T2Z 5C9,2,42,31
T3R 1T7,0,38,0
T2T 0S7,43,79,57
T3K 0Y6,53,69,51
T2T 5Z1,73,81,52
T2M 2C2,36,86,61
T2E 4C7,41,88,43
T2M 2T6,79,85,54
T3E 2A5,57,86,60
T2E 0V5,80,98,56
T2X 0S3,12,45,40
T3L 0A3,21,65,37
T2N 0Z6,43,84,63
T2Z 0M9,46,75,43
T3E 2Z4,68,86,58
T2G 4J6,34,76,54
T3M 0K8,15,56,35
T3H 3H2,28,67,56
T3R 0M3,0,38,0
T2P 0X2,82,90,79
T2E 6J1,33,72,44
T3E 2Z3,68,86,57
T3K 0M2,38,65,52
T3G 5J3,13,48,52
T3H 1E7,30,68,37
T3A 2Y3,16,49,41
T3P 0W7,0,30,0
T2T 1J1,59,78,54
T3E 2K1,64,88,60
T3A 2M9,59,91,51
T2V 1K6,48,89,62
T2E 1P9,90,63,58
T1Y 1P6,36,68,57
T2N 3Z4,55,91,63
T2V 4X8,33,78,35
T3E 6T9,51,64,46
T3G 4E1,29,70,36
T3K 6B6,38,55,51
T2M 2H4,64,86,54
T3M 1Z2,8,55,35
T3A 5J2,15,62,37
T2X 1K4,12,45,40
T3H 0S9,11,71,55
T3B 5L6,13,59,26
T2W 3X7,28,63,36
T3A 2B4,73,81,64
T2R 0R4,95,97,72
T3M 2X6,8,55,34
T3P 1G1,30,57,38
T2Z 1Y8,26,52,41
T1Y 5Z1,51,73,60
T3H 5V5,38,67,56
T2M 1C2,77,86,56
T3M 0A7,36,60,40
T2W 4R4,36,66,40
T2R 1C2,95,95,79
T2R 1E3,90,96,75
T3N 0Y6,0,27,18
T3J 0G1,24,70,53
T2T 4K4,58,81,52
T2A 1B7,67,64,52
T2Z 1E2,56,81,47
T2Z 0S4,94,91,79
T2T 0W2,39,75,57
T3K 0V9,53,64,40
T2Z 0L4,4,54,34
T2S 2Z4,64,93,61
T2N 0K8,48,88,49
T2T 0Y7,34,78,56
T3G 0A7,49,72,36
T2Y 5H4,55,64,32
T2T 0T1,39,75,57
T2J 2N6,40,57,33
T2A 3N9,21,49,50
T2M 3W5,52,90,63
T3N 0P9,0,26,18
T3M 2N1,0,32,23
T2Z 4G3,60,84,49
T3K 4A5,52,70,41
T2Z 1X1,9,60,41
T3H 3E5,30,61,42
T3G 4B1,36,72,37
T3M 0Z3,8,55,34
T3N 0W7,0,26,18
T3B 4P7,13,63,39
T2Y 3H4,31,60,56
T2W 4K9,40,54,36
T2X 0C3,38,73,34
T2N 0L2,47,87,49
T3E 3A8,66,87,57
T2M 3W6,46,87,62
T3E 1V9,50,81,55
T2V 3R4,36,76,35
T3K 2P3,43,63,41
T2X 4C2,4,55,23
T3E 2A7,55,85,56
T2T 1R9,63,76,51
T3E 2Z5,64,81,57
T3C 2M2,19,77,60
T3M 2J8,8,55,35
T3P 0G1,0,33,0
T1Y 1S8,49,76,50
T2J 2M9,31,59,33
T3C 3B7,67,10,50
T2Z 0Y8,18,64,32
T2Y 3T7,6,62,34
T3A 5P1,16,80,38
T3K 4J2,19,59,38
T3L 2B6,38,72,29
T3G 4S8,26,62,40
T3H 5Z5,40,52,35
T2M 3R4,53,92,57
T2N 0H6,45,86,51
T2M 3T7,49,87,59
T2N 0C3,44,85,51
T3P 0C9,33,58,35
T2E 7C2,35,56,44
T2T 6C8,75,81,51
T1Y 7B3,13,59,40
T3M 0M3,11,38,34
T3E 7R3,26,66,51
T2Z 3H8,52,76,46
T2E 1L8,83,80,57
T3J 5N3,3,55,31
T3E 3S9,46,74,56
T2L 0X9,66,95,65
T2T 3X8,66,83,49
T3E 2C6,61,87,54
T3E 1Z3,56,85,57
T2T 4B9,61,81,50
T2E 1S4,81,82,54
T2M 4H7,36,83,56
T2A 0E3,32,71,58
T3E 2C7,59,86,57
T3E 2J1,66,86,52
T3E 7T1,28,77,48
T3E 2W7,65,81,57
T1Y 3K1,60,76,63
T2X 1K6,31,62,43
T2G 5R1,71,89,80
T2G 5R4,33,87,54
T1Y 6A9,19,66,53
T3G 1B6,52,75,51
T2K 2C3,35,75,45
T3G 1L4,35,60,38
T2X 3A1,6,53,39
T2Z 2K2,16,65,40
T2A 0J7,53,85,58
T2A 0L8,57,86,56
T2T 3A5,48,81,49
T1Y 6L5,27,64,36
T3H 2J6,18,63,49
T2B 3G8,21,72,40
T3E 3L9,54,74,55
T3E 3K6,57,74,55
T2E 8Y1,45,84,41
T3M 2H6,32,73,40
T2G 3W1,27,66,41
T2E 0S6,41,88,37
T2L 1C7,26,64,52
T1Y 3L9,50,75,49
T2K 5S1,26,72,45
T3K 4G4,45,63,40
T2Y 5B1,7,62,33
T3G 1X4,69,82,51
T3M 2T2,8,55,35
T3B 5N6,26,42,41
T2G 0B5,87,94,76
T3E 3A1,63,76,54
T2E 5J2,35,86,36
T3E 3T4,50,73,54
T3E 2W8,64,74,53
T3K 5L9,52,58,55
T3E 2T6,65,72,54
T2M 4X8,72,95,59
T2L 1H5,63,92,66
T2L 1B4,22,56,51
T2N 3S8,39,79,51
T2W 3K5,38,75,35
T3N 0L7,0,26,18
T1Y 6X7,20,58,32
T2A 6T6,18,56,43
T3R 0E7,10,42,31
T3R 1M6,15,50,40
T2K 3N4,61,87,53
T3K 4V8,8,55,32
T3E 5W8,26,72,50
T2Z 3A2,21,44,34
T3H 4W4,37,69,36
T3E 7S2,30,81,52
T3H 5X8,47,55,35
T2S 0K8,67,96,64
T2X 3R3,16,46,28
T2V 3L5,32,52,55
T3K 6B3,41,63,49
T3H 4Y3,5,55,24
T3P 0R2,0,30,0
T3E 4T8,47,60,50
T3H 4K1,24,56,54
T3E 3A2,63,70,52
T2T 3E8,90,82,66
T3E 2Y8,71,90,58
T3M 2G7,8,55,35
T2E 6M1,42,77,54
T3H 3K5,70,81,48
T2G 5N7,44,69,44
T2S 2T9,78,98,57
T3G 0C2,22,57,48
T3M 2T7,8,55,35
T2Z 0C3,57,78,49
T2S 1X9,72,94,45
T2S 0K9,64,95,60
T2M 4Z5,72,95,59
T2S 0L3,77,98,56
T3G 4K3,71,72,58
T2X 3X5,47,68,32
T3E 2B5,59,75,52
T2N 5B2,93,99,75
T2N 2X5,32,70,50
T2E 7A8,62,66,77
T3E 7M7,40,82,52
T2T 0G8,97,99,76
T2A 7E1,38,69,43
T2T 1C4,60,84,48
T2T 3W6,86,88,61
T2M 2T4,80,85,56
T2T 4S9,56,84,54
T2B 0S6,46,77,46
T3H 6B5,25,54,46
T2P 0S7,95,91,82
T2N 1W3,90,99,70
T2R 1J7,95,95,76
T3K 0V4,53,62,42
T2T 1J5,50,78,48
T2S 2V8,55,91,60
T2L 2J9,49,79,61
T2A 0W6,41,57,50
T2Z 3Z1,33,55,46
T3H 2Z6,42,73,37
T2Z 0S1,37,66,41
T2Y 4Z5,62,73,36
T3H 2A3,37,67,55
T2P 0G8,90,94,81
T3K 0J4,7,38,34
T2X 0Y9,2,37,N/A
T3K 3H1,15,52,41
T3N 0R6,0,27,18
T3J 0R5,11,62,41
T3E 5W9,24,69,48
T3M 1Y8,8,55,34
T3R 0Z9,0,38,0
T2A 5V4,26,67,43
T2M 3B4,30,84,51
T3E 6R4,50,76,43
T3E 3G3,58,67,49
T3M 2R1,8,55,35
T3B 6C5,9,41,38
T2G 0X8,91,92,77
T3B 6H5,35,86,55
T2Y 4A9,62,63,62
T2E 0L9,79,97,62
T2X 4E3,10,37,28
T2R 1R1,93,95,76
T2T 5P8,81,99,44
T2M 0M8,72,90,57
T2S 0L4,78,98,57
T3H 5L8,4,55,24
T2Z 2M8,42,70,44
T2J 7H1,53,68,33
T2V 4Z3,66,79,54
T2Y 3P1,9,68,32
T2C 1V7,25,71,39
T2K 5W9,58,79,52
T3H 3L7,63,72,47
T2W 2J5,46,57,43
T3L 0C6,4,61,27
T2Y 2H6,29,67,46
T2Y 2N8,37,66,50
T2W 2T6,49,74,57
T2Z 4R2,4,53,30
T2H 1N2,59,83,61
T2K 1H8,63,88,49
T3E 2J4,60,74,52
T3E 4S1,57,65,49
T3J 0M1,11,62,41
T2T 6J2,81,73,42
T2E 0V6,83,93,55
T2C 4C4,40,68,39
T3H 5H2,20,60,40
T2X 2C8,3,24,N/A
T3E 6T7,62,79,46
T3E 3J2,55,63,48
T3K 0W9,50,64,32
T2K 0W4,41,80,53
T3E 3K1,52,61,49
T3L 2L1,22,55,53
T3E 4R3,34,59,50
T2Z 0A4,42,77,46
T3K 6K2,51,61,43
T3H 5M7,41,61,53
T3G 4L7,16,55,33
T3H 0P6,37,65,37
T3K 5W8,35,66,55
T2Z 3V3,60,85,49
T3H 3G3,66,79,47
T3N 0C4,6,38,34
T2X 1M6,28,63,44
T3J 0A6,20,70,51
T3E 5K9,22,75,34
T3E 6A6,19,80,36
T3R 1S2,19,45,39
T2B 0V9,31,68,42
T2E 0N1,80,97,60
T3J 3L8,28,65,44
T3R 0L9,0,38,0
T3A 2C6,57,88,49
T2E 5P9,45,86,43
T2C 4J8,35,72,50
T2Y 4L5,39,67,34
T1Y 1H8,38,77,45
T3E 3L4,47,60,49
T2K 0W6,37,79,52
T2J 5Y2,46,49,33
T2J 4G5,36,65,32
T3E 1A2,55,63,50
T2N 1C9,28,61,57
T3H 5S8,5,37,24
T2W 3Z6,28,62,38
T2Y 4Z3,6,30,31
T3K 3X1,21,50,36
T3L 2Y6,15,43,31
T3H 5N6,29,71,39
T3J 1T8,31,66,46
T3M 2E5,8,55,34
T2B 0E4,53,77,48
T2S 1R5,51,78,53
T2T 3S8,49,82,40
T1Y 3W4,56,73,47
T2Z 3G7,13,60,37
T3J 5C5,52,92,63
T2T 5P2,70,83,50
T3B 2H9,53,78,40
T2T 3X9,51,80,43
T3E 1A5,56,62,50
T2N 4G3,31,83,56
T3B 5C1,16,76,45
T3E 3M9,44,61,47
T1Y 6Y2,29,64,40
T2S 1R2,50,90,54
T2T 4C5,78,10,43
T3A 0W9,49,80,60
T1Y 3M1,50,75,49
T3C 2W5,38,73,52
T3A 0Z3,60,79,56
T3M 3G2,8,55,35
T3R 1N3,23,55,40
T2S 2Y9,50,86,54
T3G 3T1,31,69,36
T3M 0X3,19,73,41
T3S 0A6,2,53,21
T2Z 4P4,45,75,46
T2K 0X2,38,80,55
T2T 4Y1,65,84,45
T2T 6M7,70,83,50
T3B 5B9,20,80,49
T3E 3H2,43,71,47
T3G 5Y3,31,50,33
T2E 5W2,51,71,46
T3K 1Y7,25,56,47
T2Z 4G7,54,78,49
T3M 1S5,2,37,22
T2A 5S5,61,69,55
T2Y 2Y4,29,64,46
T3M 0G5,16,36,36
T3P 1M7,0,30,0
T3M 0Y3,5,69,39
T2Z 2G9,20,69,35
T3H 2C6,40,80,37
T2W 4K1,42,51,27
T2P 4X2,79,95,76
T3E 4C4,60,83,57
T3A 2W2,65,93,50
T2E 3W8,79,78,54
T3C 0V9,91,97,70
T2T 0L1,85,81,51
T2N 1Z4,81,99,66
T2T 4S8,56,84,54
T2E 5A6,76,93,71
T3J 0S2,33,67,59
T3C 3X6,14,51,52
T3A 2E2,66,89,63
T2P 5N6,91,97,79
T2T 0J5,70,85,54
T2N 1T7,93,99,75
T2K 5H7,34,55,54
T3C 0W6,84,85,64
T2S 1Z2,36,68,49
T2L 2L5,66,89,67
T2T 3S9,85,83,51
T2Y 4M1,14,45,58
T2R 0X4,95,95,79
T2T 0H6,91,83,54
T2T 0H1,93,86,69
T2R 0L7,91,97,73
T2G 0S7,68,97,60
T3K 2P4,53,69,54
T2T 3Z5,61,81,50
T3B 4N5,31,79,35
T1Y 6X1,31,63,41
T3K 5X8,13,48,35
T2X 1Y7,12,45,40
T1Y 7E9,28,64,39
T3J 3L4,37,71,60
T3M 2H1,8,55,35
T3H 3Z2,0,20,23
T2X 2X3,26,41,56
T2M 0C9,67,78,56
T2B 3V2,22,42,42
T3N 0L4,0,26,18
T2Z 3V2,64,85,49
T2W 5H1,23,66,55
T2T 4H6,42,80,41
T2T 4L2,48,78,44
T2Z 4M5,49,79,42
T2N 0C2,43,86,52
T2E 2J1,43,73,50
T3C 0E2,59,84,51
T2N 1S5,81,94,67
T2G 5S9,71,91,74
T2X 1B1,54,78,48
T2Z 5B6,15,67,29
T2C 5M9,17,35,38
T2K 3M2,60,83,54
T3H 3N6,1,23,38
T2N 4W2,53,90,55
T3M 2G4,10,39,31
T2Y 4Y4,0,27,26
T3C 3H7,39,83,41
T3K 0M4,38,65,50
T2G 1B5,40,87,55
T2Y 0B8,7,61,32
T3G 1A7,45,74,42
T2M 0Y4,74,90,52
T2E 1S6,75,84,51
T2V 3X6,47,81,41
T2K 2A1,27,65,47
T3C 1T1,56,90,45
T2X 2K4,46,71,54
T2M 2M3,43,88,51
T3L 1S7,36,82,46
T3H 2N5,53,82,39
T3M 1C7,10,63,36
T2B 1V8,33,70,48
T3A 4C7,14,56,40
T3A 5Y9,36,52,39
T3G 1Z3,57,73,47
T3K 5X4,61,75,47
T1Y 2Z3,54,77,53
T2J 0G9,44,88,36
T3H 6A2,25,54,46
T2C 5K1,17,35,38
T3K 1H7,51,74,59
T3E 4W3,48,65,51
T2W 5X3,32,73,36
T3C 0X7,89,94,65
T2H 1T1,39,75,50
T1Y 4A9,54,77,51
T3A 1J6,51,81,64
T2X 3Z7,12,45,40
T2Z 1J5,48,79,45
T2E 3L2,43,82,52
T1Y 2T4,41,71,59
T3L 2B8,32,63,51
T3E 0H2,56,82,58
T3B 2K6,36,76,41
T3B 2K7,36,76,41
T1Y 2Z8,36,75,54
T2K 0B5,33,83,52
T3B 0N9,59,90,48
T3A 0J2,69,80,50
T2N 1Y9,85,99,70
T3A 6B6,3,21,35
T2J 0A3,62,63,55
T2S 2Y8,34,76,52
T3A 5E4,31,80,36
T2A 2B3,49,57,53
T3B 2P8,40,78,41
T1Y 3G7,52,78,53
T3A 6N6,2,35,36
T2W 3E7,57,62,33
T3K 0E2,46,64,56
T3H 5W1,35,75,40
T3E 0S8,39,65,49
T2Y 0H2,5,56,33
T2L 2E5,25,64,53
T3C 3L6,39,83,37
T2K 2H9,25,70,46
T3G 5C3,39,64,23
T3A 6K1,0,32,39
T3G 4J9,34,51,33
T3M 2H9,40,74,39
T2W 2X3,37,60,42
T3J 1S6,51,74,53
T2X 0E4,30,63,32
T3A 0P5,64,91,59
T3E 0X4,38,65,46
T3E 4L2,49,73,53
T3B 0Y5,59,76,46
T2K 2H8,30,72,44
T3A 0R6,64,88,58
T2X 0J4,42,66,34
T3G 3V5,13,50,42
T3H 4Y5,32,71,29
T3G 5W7,54,68,36
T3B 0V4,64,92,50
T1Y 1X5,50,75,54
T3E 3W5,47,90,45
T1Y 1T9,52,76,53
T2X 1B2,46,78,49
T2S 0H9,72,97,58
T2T 2B4,59,82,43
T2N 1C2,67,94,59
T3K 5N8,0,33,30
T2A 6E4,65,65,58
T3R 1M1,41,65,39
T3K 4L7,18,55,42
T3G 4L5,20,55,32
T3H 0H3,22,67,38
T3B 5Y2,1,39,27
T3G 5N7,42,66,37
T3J 0A7,28,69,51
T2P 1K7,82,90,79
T2S 3B8,54,86,59
T2R 0W8,94,94,78
T3H 5X4,10,56,11
T2N 4H7,93,99,76
T2G 0S3,77,92,80
T2K 0Z3,56,70,54
T3N 1S4,0,26,18
T2S 3B6,55,86,58
T2L 1T6,48,69,50
T2V 4Y8,27,82,50
T2M 0N4,64,92,59
T3C 2K5,52,81,57
T2X 4C9,13,62,34
T2T 3Z2,74,83,51
T2P 5K4,82,90,76
T2M 4B3,61,69,61
T2X 0T3,12,45,40
T2S 3E4,54,85,54
T3N 0W5,2,51,38
T3G 4E5,18,56,48
T2V 3X7,49,81,41
T2M 2P4,34,83,52
T2A 4H6,43,68,44
T2J 0M2,43,70,50
T3H 1X1,23,60,49
T2G 5T2,69,92,75
T2E 3W6,76,87,61
T2K 0P2,53,60,58
T2Z 1A7,16,81,41
T3M 1C9,10,63,37
T2K 2C1,43,75,46
T3N 0X8,N/A,N/A,N/A
T3B 5N7,26,42,41
T3R 0Z7,5,48,27
T2E 1M1,78,84,54
T2V 0B3,66,82,47
T3M 0C2,36,70,38
T2E 7M3,66,90,60
T2E 1S9,75,88,51
T2A 5P7,55,69,44
T2K 5S3,43,66,54
T2Z 0P9,22,68,40
T3G 6A1,38,70,23
T3G 5R3,24,60,37
T2W 2K7,21,72,55
T2W 5B3,19,66,34
T2Z 1J6,N/A,N/A,N/A
T2M 2H8,44,89,52
T1Y 4V5,41,72,46
T2W 2N7,31,66,63
T3G 4N5,26,54,34
T2W 2S9,24,63,54
T2Y 4M9,7,29,26
T3K 0J8,40,57,40
T3E 5X9,15,62,49
T3M 2Z5,8,55,35
T2K 2Y4,62,71,54
T3K 0T4,20,59,38
T2X 2L5,7,50,37
T3E 5S3,18,67,48
T2X 4H3,0,27,0
T3B 5C4,21,80,49
T2V 3N9,30,76,33
T3H 1T7,27,69,50
T2N 4R6,46,88,49
T2V 1E3,64,77,46
T3H 1K3,34,72,37
T2W 3Y5,13,62,30
T3N 0G7,6,38,34
T2J 7J4,37,78,55
T3E 6Z4,27,63,49
T2A 0B2,40,47,53
T2K 3W1,45,65,53
T3J 2S8,48,71,54
T3N 1M9,0,27,18
T3E 5Y7,12,53,37
T3M 0Y5,41,70,42
T3N 0X1,0,52,40
T3P 1J1,16,52,33
T3A 1K5,67,83,63
T3E 5M6,19,51,40
T3A 1L5,70,79,64
T2T 2R7,39,80,44
T1Y 5J5,30,72,58
T2K 3C3,61,83,54
T2X 3W8,37,66,33
T3A 1L9,71,80,64
T3B 0M1,1,22,27
T2Y 4V2,25,64,38
T4C 0G7,0,N/A,N/A
T2C 3V7,13,68,28
T2X 3T7,41,73,34
T3C 0W2,91,98,68
T2S 3C6,76,98,58
T2K 3W5,48,60,54
T2S 0R6,64,93,46
T2P 5K1,90,98,78
T3A 2Y1,10,51,28
T2K 4Z5,44,65,53
T2G 1E5,65,93,75
T2R 1S5,91,97,74
T2E 0W3,78,85,51
T2W 0M7,68,62,61
T3M 2Y1,8,55,35
T2V 0C9,64,78,46
T3H 1B8,44,74,37
T2G 4K5,48,83,54
T2E 1H8,79,86,52
T2E 1V2,67,88,49
T3H 1K4,33,67,47
T3L 2Y2,13,55,33
T2V 0V8,61,77,64
T2G 5R8,31,71,43
T3G 4L8,15,55,34
T3K 0A6,38,64,44
T1Y 4H5,70,73,62
T2K 4X5,43,61,54
T2E 1C7,78,86,52
T3E 5T4,45,87,52
T2S 0J7,85,80,52
T2K 5K9,24,75,51
T2A 3N2,22,46,51
T2E 1B2,77,86,52
T3K 4X9,67,75,46
T2Z 5B9,12,65,28
T3M 1X9,4,46,23
T1Y 4K8,56,74,47
T2L 1N9,52,87,60
T3A 4B4,18,54,39
T3P 1E6,33,58,40
T3A 5Z8,31,28,40
T2Z 1B6,55,78,43
T3G 0E9,35,70,35
T3H 3H5,54,74,47
T3H 2M1,37,61,44
T3H 1L4,31,65,48
T3B 2H5,43,74,40
T3H 2W9,51,72,46
T2K 5K8,38,71,52
T2X 1K1,22,61,38
T2J 0Z4,46,67,36
T3P 1M4,0,26,24
T1Y 2K9,58,77,60
T2J 2G2,19,60,43
T3B 4N3,21,78,38
T2Y 4S7,61,94,37
T1Y 5G7,35,72,47
T3H 5G1,30,72,38
T3B 2C5,50,83,43
T3E 5R3,48,90,51
T3E 5N1,31,83,47
T2Z 2W3,34,75,45
T3B 3C7,10,66,55
T2Z 1J2,1,51,29
T3E 5A1,37,62,46
T3J 3T3,11,59,41
T3J 2W5,45,67,56
T3G 1L1,34,66,43
T3N 1M1,0,26,18
T2A 2J5,22,57,51
T3K 3J5,20,56,36
T2Y 3Y3,11,60,36
T2A 6M1,43,61,46
T2W 1C5,23,61,41
T2E 3E2,43,75,54
T1Y 6S5,49,72,60
T3H 2W6,26,59,57
T2K 1N9,65,99,47
T2P 5G8,85,95,79
T2C 0X2,39,54,45
T3B 6E8,28,67,39
T2R 0M2,93,94,74
T2M 2L3,35,80,51
T2G 3K7,54,89,55
T3P 0L3,0,30,0
T2R 0P6,93,94,74
T2N 0A2,75,99,68
T2H 1N6,71,81,62
T3K 0X8,45,63,33
T2E 4E1,51,94,66
T2J 1R9,41,70,33
T2K 4J8,35,55,56
T3C 2B5,45,77,39
T2H 0W6,33,61,52
T2V 0A7,65,83,44
T1Y 4E8,60,76,50
T2M 2J3,38,86,51
T2E 0N6,76,68,51
T2V 0S4,54,87,59
T3K 1N2,41,65,55
T3A 4C8,21,58,40
T2Y 1B4,73,77,57
T3H 1L3,26,69,49
T2W 4E9,16,66,36
T3H 3Z5,0,34,22
T2E 5B5,66,70,48
T2V 2M4,26,83,51
T2R 0K9,95,96,77
T2C 0V8,47,60,46
T2W 0N2,61,52,62
T2E 3S8,81,90,58
T3R 0B1,18,46,38
T1Y 6X5,14,61,35
T2M 1T1,49,89,52
T2W 4B2,26,62,38
T2Z 0P4,3,42,31
T3K 0A4,39,63,46
T3J 5N4,6,56,31
T2J 2E1,12,69,35
T3P 0N7,0,30,0
T2K 4K7,30,54,57
T2C 0Y6,38,59,46
T3B 1T5,46,77,41
T2Y 4W5,35,66,33
T2X 2A6,12,45,40
T3K 1R4,19,50,43
T2Z 4K5,7,43,41
T3K 0S7,53,62,42
T3L 2K2,69,77,60
T3H 3S3,37,73,38
T1Y 3H1,59,77,52
T2J 2C7,16,68,44
T3M 0M7,21,45,37
T1Y 6Y9,12,57,34
T3H 0M5,41,73,36
T3H 5V9,55,94,32
T3H 2Y7,24,62,55
T3J 0N1,30,72,55
T2X 4P1,12,45,40
T3B 5Y1,1,38,27
T3H 4J8,8,46,21
T2C 1Z1,39,64,49
T3P 1P7,1,28,30
T2V 2P3,49,88,60
T3H 5V2,29,62,35
T3G 1S9,42,67,41
T3H 4P2,43,73,39
T3M 2B6,8,55,34
T3H 3W8,47,73,56
T2B 2T2,16,48,43
T2T 0H8,90,81,54
T3N 1G7,2,30,34
T2Y 0H1,27,62,33
T3K 2C5,16,44,35
T3R 1S7,0,38,0
T2Y 4M4,46,70,39
T3B 1L7,51,60,42
T2G 1H8,82,90,78
T3B 4W4,27,81,50
T2C 0Z3,34,68,48
T2K 5B8,17,61,49
T2N 0J4,88,99,70
T3M 0Y9,37,68,42
T2M 1T3,50,92,52
T3A 2E6,62,87,66
T2G 1N9,47,71,51
T2Z 0C6,39,76,47
T3G 0B2,24,52,36
T3H 0C2,68,96,39
T2E 3G4,81,97,55
T2V 0P3,57,79,57
T3M 2J3,8,55,35
T2W 6G7,27,66,48
T3K 6E1,61,76,51
T2N 0E5,86,99,71
T2Y 3Z4,25,51,58
T2V 1G5,52,90,62
T3H 0P4,49,67,34
T3M 0R7,9,39,35
T3H 2B9,31,58,40
T3J 3X1,32,86,43
T3H 0Y4,25,54,46
T2K 1R7,47,80,47
T3B 4J6,29,61,41
T3J 0X9,33,67,59
T3M 0S6,31,67,38
T3H 1V4,25,54,46
T3B 1Y6,35,75,40
T3B 0H8,45,67,41
T3H 0V1,25,50,40
T2B 1W3,25,57,43
T3B 1R5,34,61,42
T3H 0S4,25,50,40
T3M 0G9,29,67,39
T3H 3C6,35,65,37
T3B 1W2,N/A,N/A,N/A
T2L 1N5,56,78,62
T2Y 5E9,18,49,34
T2X 2Y5,23,43,41
T3B 1R8,25,55,39
T2W 5J9,43,60,42
T3H 4M4,40,68,40
T3K 3J4,16,57,36
T3G 0G1,21,61,33
T3M 1C8,13,65,36
T3H 3E6,32,65,55
T2W 5V9,6,56,54
T3B 3X4,16,65,50
T2P 5J9,79,97,77
T2E 5G8,54,81,40
T3J 0Y2,33,67,60
T2R 1B4,94,94,81
T3C 1Y8,60,84,55
T3G 1P9,29,66,43
T3G 4A1,20,63,41
T3L 1A3,39,61,41
T2M 1Y1,50,90,51
T2C 4B9,38,74,41
T2Y 3L8,21,63,40
T2N 3A4,28,76,57
T2N 3A5,27,81,56
T2V 2M8,37,78,55
T2A 5M8,26,68,41
T3H 5N9,56,78,38
T3M 2Z9,8,55,35
T3C 1Z8,49,81,54
T3A 5X8,4,21,40
T3L 2Z1,42,65,28
T2N 3N6,49,87,52
T3G 4T4,23,64,32
T3N 0S2,1,50,40
T2S 3A2,50,86,54
T3R 0N1,20,49,39
T3L 0A7,12,49,30
T2K 0C9,38,72,49
T2E 5J1,40,88,38
T3G 1M5,33,64,40
T3K 0P4,39,67,55
T3K5,N/A,N/A,N/A
T3B 5Y9,1,33,27
T2X 4N9,4,49,24
T3J 1V9,30,65,47
T2X 4G4,12,45,40
T2V 1S4,51,89,36
T3J 0E7,15,65,43
T2A 7X2,0,27,28
T3H 5Y7,65,89,40
T3P 0M6,3,40,31
T3J 3B4,46,71,52
T2J 1A8,43,66,30
T2L 0B1,46,82,52
T1Y 3Z4,72,77,63
T3R 0Z5,5,36,26
T3G 1P4,31,70,41
T2V 3T5,37,63,42
T1Y 3Z5,76,77,63
T3G 4E6,26,39,51
T3L 1Z9,44,74,27
T3E 2E7,61,91,59
T2V 4V8,57,79,60
T2T 4S1,53,78,51
>>>>>>> Stashed changes
